health_index,total_xlpe_tons,cable_count,avg_age,avg_pd,avg_corrosion
1,1012.5000000000001,375,50.95466666666667,0.9222133333333333,0.9618666666666666
2,960.0,400,44.495,0.666325,0.8962749999999999
3,1470.0,700,33.85857142857143,0.34982857142857143,0.7569571428571429
4,990.0,550,22.567272727272726,0.13494545454545454,0.5890181818181818
5,712.5,475,15.797894736842105,0.05646315789473684,0.47557894736842105
