model,mae,rmse,mape,r2,accuracy
GradientBoosting,981.4063708822956,1051.0601033516807,0.10404449604842438,-4.995758140186369,89.59555039515756
