feature,coefficient,abs_importance
Partial Discharge,-1.6166590925094813,1.6166590925094813
Visual Condition_Poor,-0.9098712985622817,0.9098712985622817
Age,0.8896594429239423,0.8896594429239423
Visual Condition_Medium,-0.4442769424716615,0.4442769424716615
Neutral Corrosion,0.013733248178978473,0.013733248178978473
Loading,-0.0009526830477842293,0.0009526830477842293
